launch_category,jf_id,fill_type,grade,product_name_en,product_name_jp_unverified,brand_maker_unverified,retailer_or_where_found,display_strategy,copy_angle,notes
hundred_yen,JF-0001,verified,B,Can Do Random Finds,キャンドゥ,Can Do,Can Do;Rakuten,show_all,recommendation,
hundred_yen,JF-0002,verified,C,Daiso Anti-Fog Wipes (for glasses),メガネ拭き 曇り止め,Daiso,Amazon JP (third-party);Daiso (in-store likely),show_all,recommendation,
hundred_yen,JF-0003,verified,B,Daiso Bento Dividers / Onigiri Molds,おにぎり型,Daiso,Daiso;Seria,show_all,recommendation,
hundred_yen,JF-0004,verified,B,Daiso Ceramic Knife Sharpener,セラミック包丁研ぎ,Daiso,Daiso,show_all,recommendation,
hundred_yen,JF-0005,verified,A,Daiso Chopstick Rests,箸置き,Daiso,Daiso;Seria;Can Do,show_all,recommendation,
hundred_yen,JF-0006,verified,A,Daiso Compression Bags,圧縮袋,Daiso,Daiso;Can Do,show_all,recommendation,
hundred_yen,JF-0007,verified,B,Daiso Furoshiki Wrapping Cloth,風呂敷,Daiso,Daiso;Seria,show_all,recommendation,
hundred_yen,JF-0008,verified,A,Daiso Phone Stands and Cable Organizers,スマホスタンド,Daiso,Daiso,show_all,recommendation,
hundred_yen,JF-0009,verified,C,Daiso Silicone Egg Cooker,シリコンエッグクッカー,Daiso,Daiso (in-store likely),show_all,recommendation,
hundred_yen,JF-0010,verified,A,Daiso Tabi Socks (Toe-Split),足袋ソックス,Daiso,Daiso,show_all,recommendation,
hundred_yen,JF-0011,verified,B,Daiso Travel Bottles,ダイソートラベルボトル,Daiso,Daiso,show_all,recommendation,
hundred_yen,JF-0012,verified,A,Daiso Washi Tape,和紙テープ,Daiso,Daiso;Seria,show_all,recommendation,
hundred_yen,JF-0013,verified,B,Seria Stationery,セリア文房具,Seria,Seria,show_all,recommendation,
hundred_yen,JF-0014,verified,B,Animal chair socks,椅子脚カバー,Daiso,Daiso,show_all,recommendation,
kitchen,JF-0015,verified,B,Bento picks,お弁当ピック,Daiso / Seria / Can Do,Daiso;Seria;Can Do,show_all,recommendation,
kitchen,JF-0016,verified,A,Bento sauce bottles,たれびん,Daiso / Seria / Can Do,Daiso;Seria;Can Do,show_all,recommendation,
hundred_yen,JF-0017,verified,A,Cable ties / cord clips,ケーブルタイ,Daiso / Seria / Can Do,Daiso;Seria;Can Do,show_all,recommendation,
hundred_yen,JF-0018,verified,B,Coin purse,小銭入れ,Daiso / Seria / Can Do / souvenir shops,Daiso;Seria;Can Do,show_all,recommendation,
hundred_yen,JF-0019,verified,B,Compact towel / tenugui-style towel,手ぬぐい・タオル,Daiso / souvenir shops / MUJI,Daiso;MUJI;Souvenir shops,show_all,recommendation,
travel_gear,JF-0020,verified,B,Drain net / sink strainer bags,排水口ネット,Daiso / Seria / Can Do,Daiso;Seria;Can Do,show_all,recommendation,
hundred_yen,JF-0021,verified,B,Egg timer for ramen/boiled eggs,エッグタイマー,Daiso / kitchen stores,Daiso;Tokyu Hands,show_all,recommendation,
hundred_yen,JF-0022,verified,B,Food divider sheets / baran,バラン,Daiso / Seria / Can Do,Daiso,show_all,recommendation,
hundred_yen,JF-0023,verified,A,Hobonichi Techo,ほぼ日手帳,Hobonichi,Hobonichi store;Loft;stationery stores,show_all,recommendation,
hundred_yen,JF-0024,verified,B,Kokuyo Campus notebook,キャンパスノート,Kokuyo,Loft;Hands;Itoya;konbini;bookstores,show_all,recommendation,
hundred_yen,JF-0025,verified,B,Laundry net,洗濯ネット,Daiso / Seria / Can Do,Daiso;Seria;Can Do;drugstores,show_all,recommendation,
travel_gear,JF-0026,verified,B,Mesh travel pouch,メッシュポーチ,Daiso / Seria / Can Do,Daiso;Seria;Can Do,show_all,recommendation,
hundred_yen,JF-0027,verified,B,Microwave ramen cooker,電子レンジラーメン調理器,Daiso / Seria / Can Do,Daiso;Seria;Can Do,show_all,recommendation,
hundred_yen,JF-0028,verified,B,Microwave rice cooker cup,電子レンジ炊飯器,Daiso / Seria / Can Do,Daiso;Seria;Can Do,show_all,recommendation,
hundred_yen,JF-0029,verified,B,Midori MD Notebook,MDノート,Designphil / Midori,Loft;Hands;Itoya;Midori store,show_all,recommendation,
hundred_yen,JF-0030,verified,B,Milk frother,ミルクフォーマー,Daiso / Seria / Can Do,Daiso;Seria;Can Do;kitchen stores,show_all,recommendation,
hundred_yen,JF-0031,verified,B,Petit Block mini kits,プチブロック,Daiso,Daiso,show_all,recommendation,
hundred_yen,JF-0032,verified,A,Phone stand,スマホスタンド,Daiso / Seria / Can Do,Daiso;Seria;Can Do;electronics stores,show_all,recommendation,
hundred_yen,JF-0033,verified,B,Planner stickers,手帳シール,Daiso / Seria / Mind Wave / BGM,Daiso;Seria;Loft;Itoya,show_all,recommendation,
hundred_yen,JF-0034,verified,B,Plastic rain poncho,レインポンチョ,Daiso / Seria / Can Do,Daiso;Seria;Can Do;konbini,show_all,recommendation,
travel_gear,JF-0035,verified,B,Reusable shopping bag,エコバッグ,Daiso / Seria / Can Do / MUJI / konbini,Daiso;konbini;MUJI,show_all,recommendation,
kitchen,JF-0036,verified,A,Rice ball mold,おにぎり型,Daiso / Seria / Can Do,Daiso;Seria;Can Do;kitchen stores,show_all,recommendation,
travel_gear,JF-0037,verified,A,Roll-up compression bag,衣類圧縮袋,Daiso / Seria / Can Do,Daiso;Seria;Can Do;Donki,show_all,recommendation,
travel_gear,JF-0038,verified,B,Shoe bag,シューズバッグ,Daiso / Seria / Can Do,Daiso;Seria;Can Do,show_all,recommendation,
hundred_yen,JF-0039,verified,B,Sponge holder with suction cup,スポンジホルダー,Daiso / Seria / Can Do,Daiso;Seria;Can Do,show_all,recommendation,
hundred_yen,JF-0040,verified,B,Standing rice paddle,立つしゃもじ,Daiso / kitchen brands,Daiso;supermarkets;Hands,show_all,recommendation,
hundred_yen,JF-0041,verified,B,Tiny scissors with cap,携帯はさみ,Daiso / Can Do / stationery brands,Daiso;Can Do;Loft;Hands,show_all,recommendation,
travel_gear,JF-0042,verified,A,Traveler’s Notebook refill,トラベラーズノート リフィル,Traveler’s Company,Traveler's Factory;Loft;Hands;stationery stores,show_all,recommendation,
hundred_yen,JF-0043,verified,A,Uni Jetstream pen,ジェットストリーム,Mitsubishi Pencil / uni,Loft;Hands;Itoya;Amazon JP;konbini,show_all,recommendation,
hundred_yen,JF-0044,verified,A,Washi tape,マスキングテープ,mt / Daiso / Seria / various,Daiso;Seria;Loft;Hands;Itoya,show_all,recommendation,
hundred_yen,JF-0045,verified,B,Zebra Sarasa Clip,サラサクリップ,Zebra,Loft;Hands;Itoya;stationery stores,show_all,recommendation,
travel_gear,JF-0046,verified,B,Zip storage bags,ジッパーバッグ,Daiso / Seria / Can Do,Daiso;Seria;Can Do;supermarkets,show_all,recommendation,
travel_gear,JF-0267,verified,A,Anker Prime Wall Charger,Anker 充電器,Anker,Anker Japan official; Yodobashi; Bic Camera; Amazon JP,show_all,recommendation,
drugstore,JF-0268,verified,A,Apagard Premio Toothpaste,アパガード プレミオ,Sangi,Sangi official; Tsuruha; Amazon JP; drugstores,show_all,recommendation,
skincare_beauty,JF-0269,verified,A,Bifesta Micellar Cleansing Wipes,ビフェスタ クレンジングシート,Mandom,Mandom official; drugstores; Donki,show_all,recommendation,
travel_gear,JF-0271,verified,B,Coin Sorting Wallet,コインキャッチャー,Various,Hands; Loft; Tokyu Hands; Amazon JP,show_all,recommendation,
customization,JF-0272,verified,C,Display Katana / Souvenir Samurai Sword,模造刀,Generic,Tourist shops; specialty katana shops,show_all,recommendation,
regional_food,JF-0273,verified,A,Giant Rainbow Cotton Candy,巨大わたあめ,Totti Candy Factory,Totti Candy Factory Harajuku,show_all,recommendation,
kitchen,JF-0274,verified,A,Iwatani Aburiya Portable Grill,炉ばた焼器 炙りや,Iwatani,Iwatani official; Donki; Yodobashi; Bic Camera; Rakuten,show_all,recommendation,
stationery,JF-0275,verified,B,Kokuyo Campus Portable Book Clip,コクヨ キャンパス ポータブルブッククリップ,Kokuyo,Kokuyo official; Loft; Hands,show_all,recommendation,
drugstore,JF-0276,verified,A,Panshiron Cure,パンシロンキュア,Rohto,Rohto Pharma; drugstores; Welcia; Yodobashi,show_all,recommendation,
stationery,JF-0277,verified,A,Pilot Juice+ Gel Pen,パイロット ジュースプラス,Pilot,Pilot official; Loft; Hands; Itoya; Amazon JP,show_all,recommendation,
stationery,JF-0278,verified,B,Plus Picofriends Box Cutter,ピコフレンズ カッター,Plus,Plus official; Hands; Loft; Amazon JP,show_all,recommendation,
drugstore,JF-0279,verified,B,Rohto V5a,ロートV5a,Rohto,Rohto official; drugstores; Welcia,show_all,recommendation,
stationery,JF-0280,verified,A,Seed Kadoloop Eraser,シード カドループ,Seed,Seed official; Loft; Hands; Amazon JP,show_all,recommendation,
travel_gear,JF-0281,verified,A,Snow Peak Titanium Spork,チタンスポーク,Snow Peak,Snow Peak official; outdoor shops; Amazon JP,show_all,recommendation,
travel_gear,JF-0284,verified,B,Coin Laundry Detergent Sheets,シート洗剤,Various,Drugstores; konbini; Donki,show_all,recommendation,
travel_gear,JF-0285,verified,A,Compression Socks,着圧ソックス,"Medilex, others",Medilex; drugstores; Donki,show_all,recommendation,
travel_gear,JF-0286,verified,B,Grancence Shoe Deodorizer,グランズレメディ系 / GRANCENCE,Grancence,Drugstores; Donki; Amazon JP,show_all,recommendation,
travel_gear,JF-0287,verified,A,Muji Aroma Stones / Aroma Diffuser,無印良品 アロマ,Muji,Muji official; Muji stores,show_all,recommendation,
travel_gear,JF-0288,verified,A,Muji Packing Cubes,無印良品 トラベルポーチ,Muji,Muji official; Muji stores,show_all,recommendation,
travel_gear,JF-0289,verified,A,Muji Travel Bottle Set,無印良品 ボトルセット,Muji,Muji official; Muji stores,show_all,recommendation,
travel_gear,JF-0290,verified,A,Muji Travel Neck Pillow,無印良品 ネックピロー,Muji,Muji official; Muji stores,show_all,recommendation,
travel_gear,JF-0291,verified,A,Stain Remover Pen (Drycare),シミ取りペン,Various,Drycare; drugstores; Loft; Donki,show_all,recommendation,
customization,JF-0292,verified,B,Custom embroidered towel/handkerchief,刺繍タオル,Department stores / souvenir shops,Dept stores; specialty shops,show_all,recommendation,
customization,JF-0293,verified,A,Custom photo sticker / purikura print,プリクラ,Purikura machine makers,Arcades; malls; Taito Station; Gigo,show_all,recommendation,
customization,JF-0294,verified,A,Eki stamp notebook,駅スタンプ帳,JR/station shops / generic notebooks,JR station shops; Loft; Hands,show_all,recommendation,
customization,JF-0295,verified,A,Engraved chopsticks,名入れ箸,Various,Hyozaemon; Hashikura Matsukan; specialty shops,show_all,recommendation,
customization,JF-0296,verified,A,Goshuincho temple/shrine stamp book,御朱印帳,Temples/shrines / stationery makers,Shrines; temples; Loft; bookstores,show_all,recommendation,
customization,JF-0297,verified,A,Hanko name stamp,判子・印鑑,Hanko shops / vending machines,Hankoya; Donki vending; Tokyu Hands,show_all,recommendation,
customization,JF-0298,verified,A,Itoya custom notebook / paper goods,カスタムノート,Itoya,Itoya Ginza flagship; select stationery shops,show_all,recommendation,
customization,JF-0299,verified,A,Kappabashi engraved kitchen knife,名入れ包丁,Various knife makers,Kappabashi knife shops; Tsubaya; Tower Knives,show_all,recommendation,
customization,JF-0300,verified,A,Kimono/yukata fabric pouch,着物生地ポーチ,Various makers,Souvenir shops; craft markets; dept stores,show_all,recommendation,
customization,JF-0301,verified,A,MUJI stamp-station notebook,無印良品 スタンプ,MUJI,Select MUJI stores with stamp stations,show_all,recommendation,
customization,JF-0302,verified,A,Maneki-neko painting experience,招き猫絵付け体験,Various craft studios,"Asakusa, Kyoto craft workshops; airbnb-experiences",show_all,recommendation,
customization,JF-0303,verified,A,Omamori charm,お守り,Shrines/temples,Shrines and temples nationwide,show_all,recommendation,
customization,JF-0304,verified,A,Plastic food sample workshop item,食品サンプル体験,Sample food makers,Kappabashi sample workshops; Maizuru; Ganso,show_all,recommendation,
customization,JF-0305,verified,A,Traveler’s Factory store-limited charms/refills,トラベラーズファクトリー限定,Traveler’s Company,Traveler's Factory Nakameguro/Narita/Kyoto,show_all,recommendation,
customization,JF-0306,verified,A,UNIQLO UTme! custom T-shirt/tote,UTme!,UNIQLO,Select UNIQLO stores with UTme service,show_all,recommendation,
regional_food,JF-0307,verified,B,"Aomori Apple Products (Juice, Pie, Apple Senbei)",青森りんご,Various,Aomori;dept stores,show_all,recommendation,
regional_food,JF-0308,verified,B,Awamori (Okinawan Distilled Spirit),泡盛,Various Okinawa distilleries,Okinawa;liquor shops,show_all,recommendation,
regional_food,JF-0309,verified,B,Hakata Mentaiko,博多明太子,Fukuya / Yamaya,Fukuoka airport;dept store food halls,show_all,recommendation,
regional_food,JF-0310,verified,B,Hiroshima Momiji Manju,もみじ饅頭,Nishiki-do / Yamada-ya / others,Hiroshima;Miyajima,show_all,recommendation,
regional_food,JF-0311,verified,B,Hokkaido Caramel (Hanabatake Bokujo),花畑牧場,Hanabatake Bokujo,Hokkaido;airports,show_all,recommendation,
regional_food,JF-0312,verified,B,Hokkaido Letao Cheese Snacks,ルタオ,LeTAO,Hokkaido;dept stores,show_all,recommendation,
regional_food,JF-0313,verified,B,Kanazawa Gold Leaf Items (Kinpaku),金箔,Hakuichi,Kanazawa;dept stores,show_all,recommendation,
regional_food,JF-0314,verified,B,"Local Sake (Junmai Daiginjo from Niigata, Hyogo, Akita)",日本酒,Various breweries,Liquor stores;breweries;dept stores,show_all,recommendation,
regional_food,JF-0315,verified,B,Nagoya Uiro,ういろう,Aoyagi Sohonke / Ohsu Uiro,Nagoya station;shops,show_all,recommendation,
regional_food,JF-0316,verified,B,Okinawan Beni-Imo Tart,紅芋タルト,Okashi Goten,Okinawa;airports,show_all,recommendation,
regional_food,JF-0317,verified,B,Okinawan Chinsuko Cookies,ちんすこう,Various,Okinawa;airports,show_all,recommendation,
regional_food,JF-0318,verified,B,Osaka 551 Horai Pork Buns,551蓬莱 豚まん,551 Horai,Osaka shops;Shin-Osaka station,show_all,recommendation,
regional_food,JF-0319,verified,B,Sapporo Soup Curry Mix,スープカレー,Various Sapporo makers,Hokkaido;supermarkets,show_all,recommendation,
regional_food,JF-0320,verified,B,Shizuoka Green Tea,静岡茶,Various Shizuoka producers,Shizuoka;dept stores,show_all,recommendation,
regional_food,JF-0321,verified,B,Uji Matcha (Kyoto),宇治抹茶,"Ippodo, Marukyu Koyamaen, Itohkyuemon",Kyoto Uji district,show_all,recommendation,
regional_food,JF-0322,verified,B,Yamanashi Wine / Grape Juice,ぶどう / 山梨ワイン,Various Yamanashi vineyards,Yamanashi;dept stores,show_all,recommendation,
regional_food,JF-0323,verified,B,551 Horai pork buns,551蓬莱 豚まん,551 Horai,Osaka/Kansai stations and stores,show_all,recommendation,
regional_food,JF-0324,verified,B,Akafuku mochi,赤福餅,Akafuku,Ise;Nagoya;Osaka;airports/stations,show_all,recommendation,
regional_food,JF-0325,verified,B,Beni imo tart,紅いもタルト,Okashi Goten / various,Okinawa;airports;souvenir shops,show_all,recommendation,
regional_food,JF-0326,verified,B,Fresh mochi / daifuku,大福・餅菓子,Various,Department food halls;konbini;wagashi shops,show_all,recommendation,
regional_food,JF-0327,verified,B,Hakata Torimon,博多通りもん,Meigetsudo,Fukuoka/Hakata;airports/stations,show_all,recommendation,
regional_food,JF-0328,verified,B,Hojicha tea bags,ほうじ茶ティーバッグ,Various tea makers,Tea shops;supermarkets;Muji,show_all,recommendation,
regional_food,JF-0329,verified,B,Jaga Pokkuru,じゃがポックル,Calbee Potato Farm,Hokkaido;airports;souvenir shops,show_all,recommendation,
regional_food,JF-0330,verified,B,Japanese curry roux blocks,カレールウ,House / S&B / Glico,Supermarkets;Donki,show_all,recommendation,
regional_food,JF-0331,verified,B,Kaminari Okoshi,雷おこし,Tokiwado / various,Asakusa;Tokyo souvenir shops,show_all,recommendation,
regional_food,JF-0332,verified,B,Kayanoya dashi packets,茅乃舎だし,Kayanoya,Kayanoya shops;dept stores;airports,show_all,recommendation,
regional_food,JF-0333,verified,B,Kibi dango,きびだんご,Various Okayama makers,Okayama stations/souvenir shops,show_all,recommendation,
regional_food,JF-0334,verified,B,LeTAO Double Fromage,ドゥーブルフロマージュ,LeTAO,Hokkaido/Otaru;airports;online,show_all,recommendation,
regional_food,JF-0335,verified,B,Matcha powder,抹茶,Ippodo / Marukyu Koyamaen / various,Tea shops;dept stores;Kyoto/Uji,show_all,recommendation,
regional_food,JF-0336,verified,B,Melonpan from bakery/konbini,メロンパン,Konbini / bakeries,Konbini;bakeries,show_all,recommendation,
regional_food,JF-0337,verified,B,Momiji Manju,もみじ饅頭,Various Hiroshima makers,Hiroshima;Miyajima;airports/stations,show_all,recommendation,
regional_food,JF-0338,verified,B,Nagasaki Castella,長崎カステラ,Fukusaya / Bunmeido / various,Nagasaki;dept stores;airports,show_all,recommendation,
regional_food,JF-0339,verified,B,New York Perfect Cheese,ニューヨークパーフェクトチーズ,Tokyo Milk Cheese Factory-related retail | New York Perfect Cheese,Tokyo Station / Haneda,show_all,recommendation,
regional_food,JF-0340,verified,B,Ningyo-yaki,人形焼,Various,Asakusa;Ningyocho;Tokyo souvenir,show_all,recommendation,
regional_food,JF-0341,verified,B,Okinawa chinsuko cookies,ちんすこう,Various,Okinawa;airports;souvenir shops,show_all,recommendation,
regional_food,JF-0342,verified,B,Premium canned coffee variety,缶コーヒー,Boss / Georgia / Wonda / UCC,Konbini;vending machines;Donki,show_all,recommendation,
regional_food,JF-0343,verified,B,Regional ramen packs,ご当地ラーメン,Various,Donki;supermarkets;stations;airports,show_all,recommendation,
regional_food,JF-0344,verified,B,Rikuro Ojisan cheesecake,りくろーおじさんのチーズケーキ,Rikuro Ojisan,Osaka stores,show_all,recommendation,
regional_food,JF-0345,verified,B,S&B tube condiments,チューブ調味料,S&B Foods,Supermarkets;Donki;drugstores,show_all,recommendation,
regional_food,JF-0346,verified,B,Sakura tea / salted sakura packets,桜茶・桜の塩漬け,Various,Dept stores;tea shops;seasonal shops,show_all,recommendation,
regional_food,JF-0347,verified,B,Tokyo Campanella,東京カンパネラ,Tokyo Campanella,Tokyo stations;airports,show_all,recommendation,
regional_food,JF-0348,verified,B,Tsukemono pickles pack,漬物,Various,Kyoto/Nara/dept food halls;supermarkets,show_all,recommendation,
regional_food,JF-0349,verified,B,Uji matcha sweets,宇治抹茶菓子,Tsujiri / Itohkyuemon / various,Kyoto;Uji;dept stores,show_all,recommendation,
regional_food,JF-0350,verified,B,Umeboshi gift pack,梅干し,Various Wakayama brands,Supermarkets;dept stores;regional shops,show_all,recommendation,
regional_food,JF-0351,verified,B,Yatsuhashi / Nama Yatsuhashi,八ッ橋・生八ッ橋,Izutsu / Shogoin / various,Kyoto souvenir shops;stations,show_all,recommendation,
regional_food,JF-0352,verified,B,Yoku Moku Cigare,シガール,Yoku Moku,Dept stores;airports;souvenir shops,show_all,recommendation,
regional_food,JF-0353,verified,B,Yubari melon jelly,夕張メロンゼリー,Hori / various,Hokkaido;airports;souvenir shops,show_all,recommendation,
regional_food,JF-0354,verified,B,Zunda mochi sweets,ずんだ餅,Various Sendai makers,Sendai/Miyagi stations;souvenir shops,show_all,recommendation,
skincare_beauty,JF-0355,verified,B,Apostroph / Yojiya Aburatorigami (Oil Blotting Papers),あぶらとり紙,Yojiya / various,Yojiya stores in Kyoto;drugstores,show_all,recommendation,
skincare_beauty,JF-0356,verified,B,Bifesta Micellar Water (Sebamed-like),ビフェスタ,Mandom,All drugstores,show_all,recommendation,
skincare_beauty,JF-0357,verified,B,Canmake Cosmetics,キャンメイク,Ida Laboratories,All drugstores;Plaza;Tokyu Hands,show_all,recommendation,
skincare_beauty,JF-0358,verified,B,Cezanne Cosmetics,セザンヌ,Cezanne Keshohin,All drugstores,show_all,recommendation,
skincare_beauty,JF-0359,verified,B,Curel Intensive Moisture Lotion,キュレル,Kao,All drugstores,show_all,recommendation,
skincare_beauty,JF-0360,verified,B,DHC Deep Cleansing Oil,DHC ディープクレンジングオイル,DHC,DHC stores;drugstores,show_all,recommendation,
skincare_beauty,JF-0361,verified,A,Hada Labo Gokujyun Hyaluronic Lotion,肌ラボ 極潤,Rohto,All drugstores;Rohto online;Amazon JP;Yodobashi,show_all,recommendation,
skincare_beauty,JF-0362,verified,B,Heroine Make Long Mascara,ヒロインメイク,KissMe / Isehan,All drugstores,show_all,recommendation,
skincare_beauty,JF-0363,verified,B,KATE Eyebrow Powder,KATE,Kanebo,Drugstores,show_all,recommendation,
skincare_beauty,JF-0364,verified,C,Lip Bambi Sleeping Pack / Laneige-style overnight balm,リップ寝マスク,Various,Drugstores,show_all,recommendation,
skincare_beauty,JF-0365,verified,B,Majolica Majorca Lash Expander,マジョリカマジョルカ,Shiseido,Drugstores,show_all,recommendation,
skincare_beauty,JF-0366,verified,B,Mentholatum Lipfondue,リップフォンデュ,Rohto Mentholatum,Drugstores,show_all,recommendation,
skincare_beauty,JF-0367,verified,B,Minon Amino Moist Line,ミノン,Daiichi Sankyo Healthcare,All drugstores,show_all,recommendation,
skincare_beauty,JF-0368,verified,B,Nivea Cream (Japan Blue Tin),ニベア青缶,Nivea Japan,Drugstores,show_all,recommendation,
skincare_beauty,JF-0369,verified,B,Opera Lip Tint,オペラ,Imju,Drugstores;Plaza,show_all,recommendation,
skincare_beauty,JF-0370,verified,B,Senka Perfect Whip Cleanser,専科 パーフェクトホイップ,Shiseido,All drugstores,show_all,recommendation,
skincare_beauty,JF-0371,verified,B,&honey hair oil,アンドハニー ヘアオイル,ViCREA,Drugstores;Loft;Donki,show_all,recommendation,
skincare_beauty,JF-0372,verified,A,Anessa Perfect UV Skincare Milk,アネッサ パーフェクトUV スキンケアミルク,Shiseido,Drugstores;Donki;@cosme;dept stores;Amazon JP;Yodobashi,show_all,recommendation,
skincare_beauty,JF-0373,verified,B,Bioré UV Aqua Rich Watery Essence,ビオレUV アクアリッチ ウォータリーエッセンス,Kao,Drugstores;Donki;Loft;@cosme,show_all,recommendation,
skincare_beauty,JF-0374,verified,B,Canmake Cream Cheek,キャンメイク クリームチーク,Canmake,Drugstores;Loft;@cosme,show_all,recommendation,
skincare_beauty,JF-0375,verified,B,Canmake Mermaid Skin Gel UV,キャンメイク マーメイドスキンジェルUV,Canmake / IDA Laboratories,Drugstores;Loft;@cosme,show_all,recommendation,
skincare_beauty,JF-0376,verified,B,Cezanne lipstick/tint,セザンヌ リップカラー,Cezanne,Drugstores;Loft;@cosme,show_all,recommendation,
skincare_beauty,JF-0377,verified,B,Dolly Wink eyeliner,ドーリーウインク アイライナー,Koji / Dolly Wink,Drugstores;Loft;@cosme,show_all,recommendation,
skincare_beauty,JF-0378,verified,B,Fino Premium Touch Hair Mask,フィーノ プレミアムタッチ ヘアマスク,Shiseido / Fine Today,Drugstores;Donki,show_all,recommendation,
skincare_beauty,JF-0379,verified,A,Hada Labo Gokujyun Hydrating Lotion,肌ラボ 極潤ヒアルロン液,Rohto,Drugstores;Donki;Rohto online,show_all,recommendation,
skincare_beauty,JF-0380,verified,B,Hada Labo Gokujyun Premium Lotion,肌ラボ 極潤プレミアム,Rohto,Drugstores;Donki,show_all,recommendation,
skincare_beauty,JF-0381,verified,B,Heroine Make Long & Curl Mascara,ヒロインメイク ロング＆カールマスカラ,Kiss Me / Isehan,Drugstores;Loft;@cosme,show_all,recommendation,
skincare_beauty,JF-0382,verified,B,Kao Merit Day+ dry shampoo sheets,メリット ドライシャンプーシート,Kao,Drugstores;Donki,show_all,recommendation,
skincare_beauty,JF-0383,verified,B,Keana Nadeshiko Rice Mask,毛穴撫子 お米のマスク,Ishizawa Laboratories,Drugstores;Donki;Loft,show_all,recommendation,
skincare_beauty,JF-0384,verified,B,Kose Softymo Speedy Cleansing Oil,ソフティモ スピーディ クレンジングオイル,KOSÉ Cosmeport,Drugstores;Donki,show_all,recommendation,
skincare_beauty,JF-0385,verified,B,LuLuLun sheet masks,ルルルン フェイスマスク,LuLuLun,Drugstores;Donki;Loft;regional shops,show_all,recommendation,
skincare_beauty,JF-0386,verified,B,Melano CC Vitamin C Essence,メラノCC 薬用しみ集中対策美容液,Rohto,Drugstores;Donki,show_all,recommendation,
skincare_beauty,JF-0387,verified,B,Muji Sensitive Skin Toner,敏感肌用化粧水,MUJI,MUJI stores,show_all,recommendation,
skincare_beauty,JF-0388,verified,B,Naturie Hatomugi Skin Conditioner,ナチュリエ ハトムギ化粧水,Imju,Drugstores;Donki,show_all,recommendation,
skincare_beauty,JF-0389,verified,B,Nivea UV Super Water Gel,ニベアUV スーパーウォータージェル,Kao / Nivea Japan,Drugstores;Donki,show_all,recommendation,
skincare_beauty,JF-0390,verified,B,Saborino morning masks,サボリーノ 目ざまシート,BCL,Drugstores;Donki;Loft,show_all,recommendation,
skincare_beauty,JF-0391,verified,B,Senka Perfect Whip,専科 パーフェクトホイップ,Shiseido / Fine Today,Drugstores;Donki,show_all,recommendation,
skincare_beauty,JF-0392,verified,B,Shiseido eyelash curler,資生堂 アイラッシュカーラー,Shiseido,Drugstores;Donki;dept stores,show_all,recommendation,
skincare_beauty,JF-0393,verified,B,Skin Aqua Super Moisture UV Gel,スキンアクア スーパーモイスチャーUVジェル,Rohto,Drugstores;Donki,show_all,recommendation,
skincare_beauty,JF-0394,verified,B,Tsubaki Premium Repair Hair Mask,ツバキ プレミアムリペアマスク,Shiseido / Fine Today,Drugstores;Donki,show_all,recommendation,
skincare_beauty,JF-0395,verified,D,Unlabeled miracle whitening creams,美白クリーム類,Various unknown brands,Tourist-heavy discount shops;online resellers,show_all,recommendation,
skincare_beauty,JF-0396,verified,B,Utena Matomage hair styling stick,マトメージュ,Utena,Drugstores;Donki,show_all,recommendation,
snacks,JF-0397,verified,B,Alfort,アルフォート,Bourbon,Supermarkets;konbini,show_all,recommendation,
snacks,JF-0398,verified,B,Baked Cheese Tart (BAKE),ベイク チーズタルト,BAKE Inc.,Stations and malls,show_all,recommendation,
snacks,JF-0399,verified,B,Black Thunder,ブラックサンダー,Yuraku,Konbini;supermarkets;Donki,show_all,recommendation,
snacks,JF-0400,verified,B,Calbee Jagariko / Jagabee,じゃがりこ / じゃがビー,Calbee,Konbini;supermarkets,show_all,recommendation,
snacks,JF-0401,verified,B,Calbee Pizza Potato Chips,ピザポテト,Calbee,Konbini;supermarkets,show_all,recommendation,
snacks,JF-0402,verified,B,Country Ma'am,カントリーマアム,Fujiya,Supermarkets;Donki,show_all,recommendation,
snacks,JF-0403,verified,B,Hi-Chew,ハイチュウ,Morinaga,Konbini;supermarkets;Donki,show_all,recommendation,
snacks,JF-0404,verified,B,Hiyoko Bird Cakes,ひよ子,Hiyoko Honpo,Tokyo Station;Fukuoka airport,show_all,recommendation,
snacks,JF-0405,verified,B,Hokkaido Letao Double Fromage,ルタオ ドゥーブルフロマージュ,LeTAO,LeTAO Hokkaido;airport;online,show_all,recommendation,
snacks,JF-0406,verified,B,Kinoko no Yama / Takenoko no Sato,きのこの山 / たけのこの里,Meiji,Konbini;supermarkets,show_all,recommendation,
snacks,JF-0407,verified,B,Kit Kat Chocolatory Custom Kit Kat,キットカット ショコラトリー,Nestle Japan,Ginza;Tokyo Solamachi;Osaka,show_all,recommendation,
snacks,JF-0408,verified,A,Kit Kat Matcha,キットカット 抹茶,Nestle Japan,Konbini;supermarkets;airports;Yodobashi,show_all,recommendation,
snacks,JF-0409,verified,B,Kit Kat Sake / Hojicha / Daigaku Imo / Regional Flavors,ご当地キットカット,Nestle Japan,Airports;regional shops;Donki,show_all,recommendation,
snacks,JF-0410,verified,B,Kit Kat Wasabi,キットカット わさび,Nestle Japan,Tourist channels,show_all,recommendation,
snacks,JF-0411,verified,B,"Otsumami Konbini Bar Snacks (Atari-Me, Kaki Pi, Saki-Ika)",おつまみ,Various,Konbini;supermarkets,show_all,recommendation,
snacks,JF-0412,verified,A,Pocky / Pretz (Standard + Regional),ポッキー / プリッツ,Glico,Konbini;supermarkets,show_all,recommendation,
snacks,JF-0413,verified,B,Press Butter Sand,プレスバターサンド,BAKE Inc.,Tokyo Station;Solamachi,show_all,recommendation,
snacks,JF-0414,verified,B,Puccho Chewy Candy,ぷっちょ,UHA Mikakuto,Konbini;supermarkets,show_all,recommendation,
snacks,JF-0415,verified,A,Royce' Nama Chocolate,ロイズ 生チョコレート,Royce',Royce' stores;airports;Donki;Amazon JP,show_all,recommendation,
snacks,JF-0416,verified,B,"Senbei Rice Crackers (Bansheido, others)",せんべい,Various,Kameda; Chuoken; Ogurasansou; Akomeya; AEON,show_all,recommendation,
snacks,JF-0417,verified,A,Shiroi Koibito (Hokkaido),白い恋人,Ishiya,Ishiya official; Amazon JP; Rakuten; New Chitose Airport,show_all,recommendation,
snacks,JF-0418,verified,B,Tirol-Choco Individual Chocolates,チロルチョコ,Tirol-Choco Co.,Tirol official shop; PR Times; LAWSON; konbini chain,show_all,recommendation,
snacks,JF-0419,verified,A,Tokyo Banana,東京ばな奈,Grapestone,Tokyo Banana official; Tokyo Station; Haneda; Narita,show_all,recommendation,
snacks,JF-0420,verified,B,Tokyo Milk Cheese Factory Cookies,東京ミルクチーズ工場,Cheese Garden,Tokyo Milk Cheese official; Tokyo Station; airport shops,show_all,recommendation,
snacks,JF-0421,verified,A,Umaibo,うまい棒,Yaokin,Yaokin official; LOHACO; Rakuten; Amazon JP; dagashi shops,show_all,recommendation,
stationery,JF-0423,verified,A,Goshuin-cho Temple Stamp Book,御朱印帳,Various temples and stationers,Shrine and temple gift shops; Loft; Tokyu Hands; Amazon JP,show_all,recommendation,
stationery,JF-0424,verified,A,Hobonichi Techo Planner,ほぼ日手帳,Hobonichi,Hobonichi store; Loft (selected); Tokyu Hands,show_all,recommendation,
stationery,JF-0425,verified,B,Iwako Puzzle Erasers,イワコー消しゴム,Iwako,Iwako official; Amazon JP; Tokyu Hands; Daiso (some),show_all,recommendation,
stationery,JF-0426,verified,A,JR Eki Stamps (Station Stamps),駅スタンプ,JR / private rail,JR East/West/Central stations free at staff counters,show_all,recommendation,
stationery,JF-0427,verified,A,Kokuyo Campus Notebooks,キャンパスノート,Kokuyo,Kokuyo official; Amazon JP; Yodobashi; Loft,show_all,recommendation,
stationery,JF-0428,verified,B,Letter Sets / Wagami Stationery,和紙レターセット,Various,Loft; Tokyu Hands; Itoya; Marunouchi stationers,show_all,recommendation,
stationery,JF-0429,verified,B,Maruman Mnemosyne Notebook,ニーモシネ,Maruman,Maruman official; Amazon JP; Yodobashi; Loft,show_all,recommendation,
stationery,JF-0430,verified,A,Midori Traveler's Notebook,ミドリ トラベラーズノート,Designphil / Midori,Travelers Company official; Loft; Tokyu Hands; Itoya,show_all,recommendation,
stationery,JF-0431,verified,A,Origami Paper Sets,折り紙,Various,Toyo origami official; Daiso; Loft; Yodobashi,show_all,recommendation,
stationery,JF-0432,verified,A,Pentel Energel,エナージェル,Pentel,Pentel official; Amazon JP; Yodobashi; Loft; conbini,show_all,recommendation,
stationery,JF-0433,verified,A,Pilot Frixion Erasable Pen,フリクション,Pilot,Pilot webcatalog; Tanomail; Amazon JP; Yodobashi; konbini,show_all,recommendation,
stationery,JF-0434,verified,A,Pilot Hi-Tec-C,ハイテックC,Pilot,Pilot webcatalog; Amazon JP; Yodobashi; Loft,show_all,recommendation,
stationery,JF-0435,verified,B,Plus Air-In Eraser,エアイン消しゴム,Plus,Plus official; Amazon JP; Yodobashi,show_all,recommendation,
stationery,JF-0436,verified,A,Sakura Pigma Micron Drawing Pens,ピグマミクロン,Sakura,Sakura Cray-Pas official; Amazon JP; Yodobashi; Sekaido,show_all,recommendation,
stationery,JF-0437,verified,B,Stalogy Editor's Series 365,スタロジー,Nitto,Nitto official; Amazon JP; Loft; Itoya,show_all,recommendation,
stationery,JF-0438,verified,B,Tepra Label Maker,テプラ,King Jim,King Jim official; Yodobashi; Bic; Amazon JP,show_all,recommendation,
stationery,JF-0439,verified,A,Tombow Fudenosuke Brush Pen,筆之助,Tombow,Tombow official; Amazon JP; Yodobashi; Loft,show_all,recommendation,
stationery,JF-0440,verified,A,Tombow Mono Eraser,MONO消しゴム,Tombow,Tombow official; Amazon JP; Yodobashi; konbini,show_all,recommendation,
stationery,JF-0441,verified,A,Uni Jetstream Ballpoint,ジェットストリーム,Mitsubishi Pencil,Mitsubishi Pencil official; Amazon JP; Yodobashi,show_all,recommendation,
stationery,JF-0442,verified,A,Uni-ball Kuru Toga Mechanical Pencil,クルトガ,Mitsubishi Pencil,Mitsubishi Pencil official; Amazon JP; Yodobashi,show_all,recommendation,
stationery,JF-0443,verified,B,mt Washi Tape Variety,mtマスキングテープ,Kamoi Kakoshi,mt official shop; Kamoi Kakoshi; Hands; Amazon JP; Rakuten,show_all,recommendation,
skincare_beauty,JF-0444,verified,A,Allie Chrono Beauty Gel UV,アリィー,Kanebo,Kanebo ALLIE official; cosme.net; Sundrug; Amazon JP,show_all,recommendation,
skincare_beauty,JF-0445,verified,A,Anessa Perfect UV Sunscreen Milk,アネッサ,Shiseido,Shiseido official; Amazon JP; Yodobashi; cosme,show_all,recommendation,
skincare_beauty,JF-0446,verified,A,Biore UV Aqua Rich Watery Essence,ビオレUV アクアリッチ,Kao,Kao official; Matsukiyo; Amazon JP; @cosme,show_all,recommendation,
skincare_beauty,JF-0447,verified,A,Skin Aqua Super Moisture Gel,スキンアクア,Rohto Mentholatum,Rohto Mentholatum official; Amazon JP; Matsukiyo,show_all,recommendation,
skincare_beauty,JF-0448,verified,B,Sunkiller Perfect Strong Plus,サンキラー,Isehan,Isehan official; Amazon JP; Matsukiyo,show_all,recommendation,
travel_gear,JF-0449,verified,B,Biore Sara Sara Body Sheets (Women's),ビオレさらさら,Kao,Kao official; Matsukiyo; Amazon JP; konbini,show_all,recommendation,
travel_gear,JF-0450,verified,A,Coin Locker (Eki-Locker),コインロッカー,Various,JR East/Tokyo Metro/major stations,show_all,recommendation,
travel_gear,JF-0451,verified,A,Gatsby Body Sheets,ギャツビー,Mandom,Mandom official; Amazon JP; Matsukiyo; konbini,show_all,recommendation,
travel_gear,JF-0452,verified,B,Hiyaron Cold Packs (Summer),ヒヤロン,Wakodo / various,Kobayashi/Lion official; Matsukiyo; Amazon JP; konbini-summer,show_all,recommendation,
travel_gear,JF-0453,verified,A,Kairo Hand Warmers (Winter),カイロ,"Kao Pokka, etc.",Kobayashi/Irohas/Hakugen official; Matsukiyo; konbini-winter,show_all,recommendation,
travel_gear,JF-0454,verified,A,Konbini Vinyl Umbrella,ビニール傘,All konbini,7-Eleven; Lawson; FamilyMart konbini chains,show_all,recommendation,
travel_gear,JF-0455,verified,B,Mobile Battery / Power Bank (Konbini),モバイルバッテリー,All konbini,Anker JP; Yodobashi; Bic; Don Quijote; Amazon JP,show_all,recommendation,
travel_gear,JF-0456,verified,C,Pasmo Passport,Pasmoパスポート,Pasmo,Haneda/Narita ticket counters TOURIST PASMO; major stations,show_all,recommendation,
travel_gear,JF-0457,verified,B,"Pocket WiFi Rental (Ninja WiFi, Sakura Mobile)",ポケットWiFi,Various,Ninja WiFi; Japan Wireless; Sakura Mobile; airport counters,show_all,recommendation,
travel_gear,JF-0458,verified,A,Welcome Suica Card,Welcome Suica,JR East,JR East airport stations; major JR EAST stations,show_all,recommendation,
travel_gear,JF-0459,verified,A,Yamato Takkyubin Luggage Forwarding,宅急便,Yamato Transport,Yamato Transport hotel/airport counters,show_all,recommendation,
travel_gear,JF-0460,verified,A,Yodobashi/Bic Camera Tax-Free Electronics,ヨドバシ / ビックカメラ,Various,Yodobashi Akiba; Bic Yurakucho; Bic Shinjuku; Yodobashi Umeda,show_all,recommendation,
travel_gear,JF-0461,verified,B,eSIM (Airalo / Ubigi Japan),eSIM,Various,Sakura Mobile; Mobal; Ubigi; Airalo; Saily,show_all,recommendation,
konbini,JF-0216,creator_fill,,Aquarius,アクエリアス,Coca-Cola Japan,"Konbini, vending machines",hide_jp_and_brand_until_enriched,recommendation,
konbini,JF-0217,creator_fill,,BOSS Canned Coffee,ボス,Suntory,"Konbini, vending",hide_jp_and_brand_until_enriched,recommendation,
konbini,JF-0218,creator_fill,,C.C. Lemon,C.C.レモン,Suntory,"Konbini, vending",hide_jp_and_brand_until_enriched,recommendation,
konbini,JF-0219,creator_fill,,Calpis / Calpico,カルピス,Asahi,"Konbini, vending, supermarkets",hide_jp_and_brand_until_enriched,recommendation,
konbini,JF-0220,creator_fill,,Highball Cans (Suntory Kakubin Highball),角ハイボール,Suntory,"Konbini, supermarkets, izakaya",hide_jp_and_brand_until_enriched,recommendation,
konbini,JF-0221,creator_fill,,Iyemon / Oi Ocha Bottled Green Tea,伊右衛門 / お~いお茶,Suntory / Ito En,"Konbini, vending, everywhere",hide_jp_and_brand_until_enriched,recommendation,
konbini,JF-0222,creator_fill,,Konbini Drip Coffee (Seven Cafe / Machi Cafe),セブンカフェ / マチカフェ,7-Eleven / Lawson,In-store machine,hide_jp_and_brand_until_enriched,recommendation,
konbini,JF-0223,creator_fill,,Pocari Sweat,ポカリスエット,Otsuka Pharmaceutical,"Konbini, vending machines, drugstores",hide_jp_and_brand_until_enriched,recommendation,
konbini,JF-0224,creator_fill,,Ramune,ラムネ,"Various (Sangaria, Hata)","Konbini, festivals, druids",hide_jp_and_brand_until_enriched,recommendation,
konbini,JF-0225,creator_fill,,Royal Milk Tea (Bottle),ロイヤルミルクティー,Kirin Gogo-no-Kocha,"Konbini, vending",hide_jp_and_brand_until_enriched,recommendation,
konbini,JF-0227,creator_fill,,Egg Salad Sandwich (Tamago Sando),たまごサンド,7-Eleven (Sebun-Irebun),7-Eleven primarily,hide_jp_and_brand_until_enriched,recommendation,
konbini,JF-0228,creator_fill,,Famichiki,ファミチキ,FamilyMart,FamilyMart hot case only,hide_jp_and_brand_until_enriched,recommendation,
konbini,JF-0229,creator_fill,,Karaage-kun,からあげクン,Lawson,Lawson only,hide_jp_and_brand_until_enriched,recommendation,
konbini,JF-0230,creator_fill,,Katsu Sando,カツサンド,"All konbini, also dedicated shops","All konbini, Maisen for premium",hide_jp_and_brand_until_enriched,recommendation,
konbini,JF-0231,creator_fill,,Nikuman / Pork Bun (Hot Case),肉まん,All konbini,"Hot case, winter dominant",hide_jp_and_brand_until_enriched,recommendation,
konbini,JF-0232,creator_fill,,"Oden (Hot Case, Winter)",おでん,Lawson / FamilyMart / 7-Eleven,"Hot case, Oct-Mar",hide_jp_and_brand_until_enriched,recommendation,
konbini,JF-0233,creator_fill,,Pizzaman,ピザまん,All konbini,"Hot case, winter dominant",hide_jp_and_brand_until_enriched,recommendation,
konbini,JF-0234,creator_fill,,Salmon Onigiri,鮭おにぎり,7-Eleven / Lawson / FamilyMart,All major konbini,hide_jp_and_brand_until_enriched,recommendation,
konbini,JF-0235,creator_fill,,Strawberry Fruit Sando,いちごサンド,Konbini + Daimaru/Takashimaya depachika,"Konbini seasonal, depachika year-round",hide_jp_and_brand_until_enriched,recommendation,
konbini,JF-0236,creator_fill,,Tuna Mayo Onigiri,ツナマヨおにぎり,7-Eleven / Lawson / FamilyMart,All major konbini,hide_jp_and_brand_until_enriched,recommendation,
konbini,JF-0237,creator_fill,,Ume (Pickled Plum) Onigiri,梅おにぎり,All konbini,All major konbini,hide_jp_and_brand_until_enriched,recommendation,
konbini,JF-0238,creator_fill,,Garigari-kun Soda Bar,ガリガリ君,Akagi Nyugyo,Konbini freezer,hide_jp_and_brand_until_enriched,recommendation,
konbini,JF-0239,creator_fill,,Häagen-Dazs Japan Exclusive Flavors,ハーゲンダッツ,Häagen-Dazs Japan,Konbini freezer,hide_jp_and_brand_until_enriched,recommendation,
konbini,JF-0240,creator_fill,,Mochi Cream / Daifuku Variants,餅クリーム / 大福,All konbini,Cold dessert case,hide_jp_and_brand_until_enriched,recommendation,
konbini,JF-0241,creator_fill,,Mochi Ice Cream (Yukimi Daifuku),雪見だいふく,Lotte,All konbini freezer + supermarkets,hide_jp_and_brand_until_enriched,recommendation,
konbini,JF-0242,creator_fill,,Pino Bite-Sized Ice Cream,ピノ,Morinaga,Konbini freezer,hide_jp_and_brand_until_enriched,recommendation,
konbini,JF-0243,creator_fill,,Premium Roll Cake (Uchi Cafe),プレミアムロールケーキ,Lawson Uchi Cafe,Lawson dessert section,hide_jp_and_brand_until_enriched,recommendation,
konbini,JF-0244,creator_fill,,7-Eleven in-store smoothie,セブンカフェ スムージー,7-Eleven,7-Eleven with smoothie machine,hide_jp_and_brand_until_enriched,recommendation,
konbini,JF-0245,creator_fill,,Bottled unsweetened green tea,緑茶 ペットボトル,Ito En / Suntory / private label,"Konbini, vending machines, supermarkets",hide_jp_and_brand_until_enriched,recommendation,
konbini,JF-0246,creator_fill,,Cold soba tray,冷しそば,Major konbini,Major konbini chilled meal section,hide_jp_and_brand_until_enriched,recommendation,
konbini,JF-0247,creator_fill,,Convenience Wear socks,コンビニエンスウェア 靴下,FamilyMart / Hiromichi Ochiai collaboration,FamilyMart,hide_jp_and_brand_until_enriched,recommendation,
konbini,JF-0248,creator_fill,,Coolish pouch ice cream,クーリッシュ,Lotte,Konbini / supermarkets,hide_jp_and_brand_until_enriched,recommendation,
konbini,JF-0249,creator_fill,,Cup Noodle limited flavors,カップヌードル 限定味,Nissin,Konbini / supermarkets / Donki,hide_jp_and_brand_until_enriched,recommendation,
konbini,JF-0250,creator_fill,,Famima Frappé,ファミマフラッペ,FamilyMart,FamilyMart freezer + coffee machine,hide_jp_and_brand_until_enriched,recommendation,
konbini,JF-0251,creator_fill,,Frozen mikan,冷凍みかん,Various / konbini private label,Konbini freezer section,hide_jp_and_brand_until_enriched,recommendation,
konbini,JF-0252,creator_fill,,Fruit sandwich,フルーツサンド,Konbini / fruit parlors,7-Eleven / FamilyMart / Lawson / specialty shops,hide_jp_and_brand_until_enriched,recommendation,
konbini,JF-0253,creator_fill,,Japanese custard pudding,プリン,Major konbini / Morinaga / Glico variants,Major konbini chilled sweets,hide_jp_and_brand_until_enriched,recommendation,
konbini,JF-0255,creator_fill,,Konbini bento box,コンビニ弁当,Major konbini,Major konbini chilled meal section,hide_jp_and_brand_until_enriched,recommendation,
konbini,JF-0256,creator_fill,,Lawson Uchi Café Premium Roll Cake,プレミアムロールケーキ,Lawson / Uchi Café,Lawson chilled sweets,hide_jp_and_brand_until_enriched,recommendation,
konbini,JF-0257,creator_fill,,Mentaiko / tarako onigiri,明太子・たらこおにぎり,7-Eleven / FamilyMart / Lawson,Major konbini,hide_jp_and_brand_until_enriched,recommendation,
konbini,JF-0258,creator_fill,,Nanachiki,ななチキ,7-Eleven,7-Eleven hot snack counter,hide_jp_and_brand_until_enriched,recommendation,
konbini,JF-0260,creator_fill,,Oden cup,おでん,Major konbini,"Konbini hot food case, seasonal",hide_jp_and_brand_until_enriched,recommendation,
konbini,JF-0262,creator_fill,,SPAM musubi rice ball,SPAMむすび,FamilyMart / Hormel collaboration variants,FamilyMart / selected konbini / Major konbini,hide_jp_and_brand_until_enriched,recommendation,
konbini,JF-0263,creator_fill,,Soufflé pudding,スフレ・プリン,FamilyMart / Famimaru,FamilyMart chilled sweets,hide_jp_and_brand_until_enriched,recommendation,
konbini,JF-0265,creator_fill,,Umeboshi onigiri,梅干しおにぎり,7-Eleven / FamilyMart / Lawson,Major konbini,hide_jp_and_brand_until_enriched,recommendation,
konbini,JF-0270,verified,A,Boss Coffee Rainbow Mountain Blend,ボス レインボーマウンテンブレンド,Suntory,Suntory official; konbini; vending machines,show_all,recommendation,
konbini,JF-0282,verified,A,Strong Zero Double Lemon,ストロングゼロ ダブルレモン,Suntory,Suntory official; konbini; supermarkets,show_all,recommendation,
donki,JF-0096,creator_fill,,Beauty Mega-Bargain Bin,コスメ激安,Various,Donki cosmetics,hide_jp_and_brand_until_enriched,recommendation,
donki,JF-0097,creator_fill,,Bulk Kit Kat Assortment Bags,キットカット詰め合わせ,Nestle Japan,Donki / airport,hide_jp_and_brand_until_enriched,recommendation,
donki,JF-0098,creator_fill,,Cheap Hard-Shell Suitcase,スーツケース,Various Donki PB and 3rd party,Donki luggage floor,hide_jp_and_brand_until_enriched,recommendation,
donki,JF-0099,creator_fill,,Costume / Cosplay Floor Finds,コスプレ,Various,Donki costume floor,hide_jp_and_brand_until_enriched,recommendation,
donki,JF-0100,creator_fill,,Don Quijote Tax-Free Royce' / Shiroi Koibito,ロイズ / 白い恋人,Royce' / Ishiya,Donki tax-free counter,hide_jp_and_brand_until_enriched,recommendation,
donki,JF-0101,creator_fill,,Jonetsu Kakaku PB Snacks,情熱価格,Don Quijote PB,Don Quijote,hide_jp_and_brand_until_enriched,recommendation,
donki,JF-0102,creator_fill,,Maneki Neko / Lucky Cat Bulk,招き猫,Various,Donki and Asakusa,hide_jp_and_brand_until_enriched,recommendation,
donki,JF-0103,creator_fill,,Pure Smile / TKB Sheet Masks Bulk,シートマスク,"Sun Smile, others",Donki cosmetics floor,hide_jp_and_brand_until_enriched,recommendation,
donki,JF-0104,creator_fill,,Tokyo Banana Variations,東京ばな奈,Grapestone,"Tokyo stations, Donki, airport",hide_jp_and_brand_until_enriched,recommendation,
donki,JF-0105,creator_fill,,Yebisu Beer Multipack,ヱビス,Sapporo Breweries,"Donki, supermarkets, konbini",hide_jp_and_brand_until_enriched,recommendation,
donki,JF-0106,creator_fill,,Alfort mini chocolate biscuits,アルフォート,Bourbon,"Donki, konbini, supermarkets",hide_jp_and_brand_until_enriched,recommendation,
donki,JF-0107,creator_fill,,Assorted regional KitKat packs,ご当地キットカット,Nestlé Japan,"Donki, airports, souvenir shops",hide_jp_and_brand_until_enriched,recommendation,
donki,JF-0108,creator_fill,,Black Thunder chocolate bars,ブラックサンダー,Yuraku Confectionery,"Donki, konbini, supermarkets",hide_jp_and_brand_until_enriched,recommendation,
donki,JF-0109,creator_fill,,Character snack tins,キャラクター缶菓子,Various licensed brands,"Donki, airports, character shops",hide_jp_and_brand_until_enriched,recommendation,
donki,JF-0110,creator_fill,,Cheap costume / animal hat aisle,コスプレ・動物帽子,Various,Donki novelty aisles,hide_jp_and_brand_until_enriched,recommendation,
donki,JF-0111,creator_fill,,Compression travel bags,圧縮袋,Various / Donki private label,"Donki, Daiso, travel stores",hide_jp_and_brand_until_enriched,recommendation,
donki,JF-0112,creator_fill,,Cooling body wipes,冷感ボディシート,Biore / Gatsby / Ag / private label,"Donki, drugstores, konbini",hide_jp_and_brand_until_enriched,recommendation,
donki,JF-0113,creator_fill,,Furikake multi-pack,ふりかけパック,Marumiya / Nagatanien / various,"Donki, supermarkets, drugstores",hide_jp_and_brand_until_enriched,recommendation,
donki,JF-0114,creator_fill,,Heat patches / kairo multipacks,使い捨てカイロ,Kobayashi / Kiribai / private label,"Donki, drugstores, konbini",hide_jp_and_brand_until_enriched,recommendation,
donki,JF-0115,creator_fill,,Instant miso soup variety pack,即席みそ汁,Marukome / Nagatanien / various,"Donki, supermarkets, drugstores",hide_jp_and_brand_until_enriched,recommendation,
donki,JF-0116,creator_fill,,Japanese face mask multipacks,フェイスマスク,LuLuLun / Saborino / Keana / various,"Donki, drugstores, Loft",hide_jp_and_brand_until_enriched,recommendation,
donki,JF-0117,creator_fill,,Luggage scale,ラゲッジスケール,Various,"Donki, Bic Camera, travel stores",hide_jp_and_brand_until_enriched,recommendation,
donki,JF-0118,creator_fill,,Oversized novelty snack packs,巨大お菓子,Various,Donki novelty aisles,hide_jp_and_brand_until_enriched,recommendation,
donki,JF-0119,creator_fill,,Retort curry regional packs,ご当地レトルトカレー,Various regional makers,"Donki, supermarkets, souvenir shops",hide_jp_and_brand_until_enriched,recommendation,
donki,JF-0120,creator_fill,,Rohto eye drops multi-shelf section,目薬,Rohto / Santen / others,"Donki, drugstores",hide_jp_and_brand_until_enriched,recommendation,
donki,JF-0121,creator_fill,,Sanrio / Pokémon mini goods,キャラクター雑貨,Sanrio / Pokémon / licensed brands,"Donki, character shops, stations",hide_jp_and_brand_until_enriched,recommendation,
donki,JF-0122,creator_fill,,Senbei rice cracker variety pack,せんべい詰め合わせ,Various,"Donki, supermarkets, souvenir shops",hide_jp_and_brand_until_enriched,recommendation,
donki,JF-0123,creator_fill,,Shichimi togarashi,七味唐辛子,Yawataya Isogoro / House / various,"Donki, supermarkets, specialty shops",hide_jp_and_brand_until_enriched,recommendation,
donki,JF-0124,creator_fill,,Umaibo multipack,うまい棒,Yaokin,"Donki, supermarkets, 100-yen shops",hide_jp_and_brand_until_enriched,recommendation,
donki,JF-0125,creator_fill,,Universal travel adapter,変換プラグ,Various,"Donki, Bic Camera, airports",hide_jp_and_brand_until_enriched,recommendation,
donki,JF-0126,creator_fill,,Yuzu kosho tube or jar,柚子胡椒,Various,"Donki, supermarkets, regional shops",hide_jp_and_brand_until_enriched,recommendation,
drugstore,JF-0127,creator_fill,,Baby Foot Peel Mask,ベビーフット,Liberta,"Drugstores, Donki",hide_jp_and_brand_until_enriched,recommendation,
drugstore,JF-0128,creator_fill,,Bathclin Onsen-Style Bath Salts,バスクリン,Bathclin,All drugstores,hide_jp_and_brand_until_enriched,recommendation,Bathclin merged into Earth Corp Jan 2026
drugstore,JF-0129,creator_fill,,Cabagin Kowa Alpha (Stomach),キャベジンコーワα,Kowa,All drugstores,hide_jp_and_brand_until_enriched,recommendation,
drugstore,JF-0130,creator_fill,,Eve A Pain Reliever,イブA,SS Pharmaceutical,All drugstores,hide_jp_and_brand_until_enriched,recommendation,
drugstore,JF-0131,creator_fill,,Hibiscrub / Pharmacy Hand Sanitizers,ハンドジェル,Various,Drugstores,hide_jp_and_brand_until_enriched,recommendation,
drugstore,JF-0132,creator_fill,,Kao Bath Tabs (Babu),バブ,Kao,All drugstores,hide_jp_and_brand_until_enriched,recommendation,
drugstore,JF-0133,creator_fill,,Kinkan Anti-Itch Liquid,キンカン,Kinkan Co.,All drugstores,hide_jp_and_brand_until_enriched,recommendation,
drugstore,JF-0134,creator_fill,,Loxonin S,ロキソニンS,Daiichi Sankyo,All drugstores,hide_jp_and_brand_until_enriched,recommendation,
drugstore,JF-0135,creator_fill,,Megrhythm Steam Eye Mask,めぐりズム蒸気でホットアイマスク,Kao,"Matsumoto Kiyoshi, Sundrug, Welcia, konbini",hide_jp_and_brand_until_enriched,recommendation,
drugstore,JF-0136,creator_fill,,Muhi S Anti-Itch,ムヒS,Ikeda Mohando,All drugstores,hide_jp_and_brand_until_enriched,recommendation,
drugstore,JF-0137,creator_fill,,Netsusama Cooling Sheets,熱さまシート,Kobayashi Pharmaceutical,All drugstores,hide_jp_and_brand_until_enriched,recommendation,
drugstore,JF-0138,creator_fill,,Ohta's Isan Stomach Powder,太田胃散,Ohta's Isan,All drugstores,hide_jp_and_brand_until_enriched,recommendation,
drugstore,JF-0139,creator_fill,,Pabron Gold A Cold Medicine,パブロンゴールドA,Taisho Pharmaceutical,All drugstores,hide_jp_and_brand_until_enriched,recommendation,
drugstore,JF-0141,creator_fill,,Rohto Cool 40 Alpha Eye Drops,ロート Cool40アルファ,Rohto,All drugstores,hide_jp_and_brand_until_enriched,recommendation,
drugstore,JF-0142,creator_fill,,Rohto V Premium Eye Drops,Vロート プレミアム,Rohto,All drugstores,hide_jp_and_brand_until_enriched,recommendation,
drugstore,JF-0143,creator_fill,,Salonpas Pain Patches,サロンパス,Hisamitsu,All drugstores,hide_jp_and_brand_until_enriched,recommendation,
drugstore,JF-0144,creator_fill,,Seirogan,正露丸,Taiko Pharmaceutical,All drugstores,hide_jp_and_brand_until_enriched,recommendation,
drugstore,JF-0145,creator_fill,,Steam Neck Pillow (Megrhythm Kata-yo),めぐりズム蒸気の温熱シート,Kao,"Drugstores, konbini",hide_jp_and_brand_until_enriched,recommendation,
drugstore,JF-0146,creator_fill,,Bioré SaraSara powder sheets,ビオレ さらさらパウダーシート,Kao,"Drugstores, Donki, konbini",hide_jp_and_brand_until_enriched,recommendation,
drugstore,JF-0147,creator_fill,,Cooling forehead sheets,熱さまシート,Kobayashi / other brands,"Drugstores, Donki, konbini",hide_jp_and_brand_until_enriched,recommendation,
drugstore,JF-0148,creator_fill,,EVE Quick pain reliever,イブクイック,SSP,Drugstores,hide_jp_and_brand_until_enriched,recommendation,
drugstore,JF-0149,creator_fill,,Gatsby facial/body wipes,ギャツビー フェイシャルペーパー,Mandom,"Drugstores, Donki, konbini",hide_jp_and_brand_until_enriched,recommendation,
drugstore,JF-0150,creator_fill,,Interdental brushes,歯間ブラシ,GUM / Kobayashi / Lion,"Drugstores, konbini",hide_jp_and_brand_until_enriched,recommendation,
drugstore,JF-0151,creator_fill,,Japanese surgical masks,不織布マスク,Unicharm / Iris Ohyama / various,"Drugstores, konbini, Donki",hide_jp_and_brand_until_enriched,recommendation,
drugstore,JF-0152,creator_fill,,Kirei Kirei hand sanitizer sheets/gel,キレイキレイ,Lion,"Drugstores, konbini, Donki",hide_jp_and_brand_until_enriched,recommendation,
drugstore,JF-0153,creator_fill,,MegRhythm Steam Hot Eye Mask,めぐりズム 蒸気でホットアイマスク,Kao,"Drugstores, Donki, konbini",hide_jp_and_brand_until_enriched,recommendation,
drugstore,JF-0154,creator_fill,,Muhi insect bite cream,ムヒアルファ / ムヒ,Ikeda Mohando,"Drugstores, Donki",hide_jp_and_brand_until_enriched,recommendation,
drugstore,JF-0155,creator_fill,,Nose pore strips,毛穴すっきりパック,Bioré / Kao,"Drugstores, Donki",hide_jp_and_brand_until_enriched,recommendation,
drugstore,JF-0156,creator_fill,,OS-1 oral rehydration drink/jelly,オーエスワン,Otsuka,"Drugstores, some konbini",hide_jp_and_brand_until_enriched,recommendation,
drugstore,JF-0157,creator_fill,,Ora2 breath care products,オーラツー,Sunstar,"Drugstores, Donki",hide_jp_and_brand_until_enriched,recommendation,
drugstore,JF-0158,creator_fill,,Pabron cold medicine,パブロン,Taisho,Drugstores,hide_jp_and_brand_until_enriched,recommendation,
drugstore,JF-0159,creator_fill,,Pitta Mask,ピッタマスク,Arax,"Drugstores, Donki",hide_jp_and_brand_until_enriched,recommendation,
drugstore,JF-0160,creator_fill,,Rohto Z! eye drops,ロートジー！,Rohto,"Drugstores, Donki",hide_jp_and_brand_until_enriched,recommendation,
drugstore,JF-0161,creator_fill,,Roihi-Tsuboko patches,ロイヒつぼ膏,Nichiban,"Drugstores, Donki",hide_jp_and_brand_until_enriched,recommendation,
drugstore,JF-0162,creator_fill,,Salonpas pain relief patches,サロンパス,Hisamitsu,"Drugstores, Donki",hide_jp_and_brand_until_enriched,recommendation,
drugstore,JF-0163,creator_fill,,Sante FX eye drops,サンテFX,Santen,"Drugstores, Donki",hide_jp_and_brand_until_enriched,recommendation,
drugstore,JF-0164,creator_fill,,Soft Santear contact lens drops,ソフトサンティア,Santen,Drugstores,hide_jp_and_brand_until_enriched,recommendation,
drugstore,JF-0165,creator_fill,,Strong Zero / hangover cure aisle items,二日酔い対策商品,Various,"Donki, drugstores, konbini",hide_jp_and_brand_until_enriched,recommendation,
kids_family,JF-0174,creator_fill,,Anpanman Baby Snacks,アンパンマン,Various,"Supermarkets, baby stores",hide_jp_and_brand_until_enriched,recommendation,
kids_family,JF-0175,creator_fill,,Bandai Gunpla Model Kits,ガンプラ,Bandai,"Yodobashi, Akihabara, Gundam Base Tokyo",hide_jp_and_brand_until_enriched,recommendation,
kids_family,JF-0176,creator_fill,,Disney Tokyo / Disney Sea Limited Merch,東京ディズニー,Disney Japan,Disney parks only,hide_jp_and_brand_until_enriched,recommendation,
kids_family,JF-0177,creator_fill,,Gachapon Capsule Toys,ガチャポン,Bandai et al.,"Gachapon Halls, Donki, malls",hide_jp_and_brand_until_enriched,recommendation,
kids_family,JF-0178,creator_fill,,Pigeon Baby Wipes / Diaper Cream,ピジョン,Pigeon,"Drugstores, baby stores",hide_jp_and_brand_until_enriched,recommendation,
kids_family,JF-0179,creator_fill,,Pokemon Center Exclusives,ポケモンセンター,The Pokemon Company,"Pokemon Center stores (Tokyo, Osaka, etc.)",hide_jp_and_brand_until_enriched,recommendation,
kids_family,JF-0180,creator_fill,,"Sanrio Character Goods (Hello Kitty, Cinnamoroll, Pochacco)",サンリオ,Sanrio,"Sanrio shops, dept stores",hide_jp_and_brand_until_enriched,recommendation,
kids_family,JF-0181,creator_fill,,Studio Ghibli Donguri Republic,どんぐり共和国,Ghibli,Donguri stores,hide_jp_and_brand_until_enriched,recommendation,
kids_family,JF-0182,creator_fill,,Tamiya Plastic Models,タミヤ,Tamiya,"Hobby shops, Yodobashi",hide_jp_and_brand_until_enriched,recommendation,
kids_family,JF-0183,creator_fill,,Anpanman gummies,アンパンマングミ,Fujiya / Bandai / various,"Konbini, supermarkets, drugstores",hide_jp_and_brand_until_enriched,recommendation,
kids_family,JF-0184,creator_fill,,BOS odor-proof diaper bags,BOS おむつが臭わない袋,BOS / Kurilon,"Drugstores, baby stores, Donki",hide_jp_and_brand_until_enriched,recommendation,
kids_family,JF-0185,creator_fill,,Baby rice crackers,ベビーせんべい,Kameda / Pigeon / Wakodo,"Drugstores, supermarkets",hide_jp_and_brand_until_enriched,recommendation,
kids_family,JF-0186,creator_fill,,Bento cutters / nori punches,海苔パンチ・抜き型,Daiso / Seria / bento brands,"100-yen shops, kitchen stores",hide_jp_and_brand_until_enriched,recommendation,
kids_family,JF-0187,creator_fill,,Character toothbrushes,キャラクター歯ブラシ,Lion / Sunstar / licensed brands,"Drugstores, 100-yen shops, supermarkets",hide_jp_and_brand_until_enriched,recommendation,
kids_family,JF-0188,creator_fill,,Clip-on towel / pacifier strap,マルチクリップ,Daiso / Pigeon / baby brands,"100-yen shops, baby stores, drugstores",hide_jp_and_brand_until_enriched,recommendation,
kids_family,JF-0189,creator_fill,,Disposable bibs,使い捨てエプロン,Daiso / Pigeon / baby brands,"100-yen shops, drugstores, baby stores",hide_jp_and_brand_until_enriched,recommendation,
kids_family,JF-0190,creator_fill,,Japanese baby wipes travel packs,赤ちゃん用おしりふき,Pigeon / Unicharm / Akachan Honpo / private label,"Drugstores, konbini, baby stores",hide_jp_and_brand_until_enriched,recommendation,
kids_family,JF-0191,creator_fill,,Japanese school-style lunch bag,ランチ巾着,Daiso / character brands / Loft,"100-yen shops, character shops, Loft",hide_jp_and_brand_until_enriched,recommendation,
kids_family,JF-0192,creator_fill,,Kid toilet seat / foldable seat,子ども用便座,Daiso / baby stores,"100-yen shops, baby stores",hide_jp_and_brand_until_enriched,recommendation,
kids_family,JF-0193,creator_fill,,Kids training chopsticks,子ども用練習箸,Edison / Daiso / character brands,"100-yen shops, drugstores, baby stores",hide_jp_and_brand_until_enriched,recommendation,
kids_family,JF-0194,creator_fill,,Mini hand towel for kids,子ども用ミニタオル,Sanrio / Pokémon / Daiso / various,"100-yen shops, character shops, konbini",hide_jp_and_brand_until_enriched,recommendation,
kids_family,JF-0195,creator_fill,,Name label stickers,お名前シール,Daiso / stationery brands,"100-yen shops, Loft, baby stores",hide_jp_and_brand_until_enriched,recommendation,
kids_family,JF-0196,creator_fill,,Pocket tissue with characters,キャラクターポケットティッシュ,Various,"100-yen shops, drugstores, character shops",hide_jp_and_brand_until_enriched,recommendation,
kids_family,JF-0197,creator_fill,,Stroller hooks,ベビーカーフック,Daiso / baby brands,"100-yen shops, baby stores, drugstores",hide_jp_and_brand_until_enriched,recommendation,
gift,JF-0166,creator_fill,,Hashioki (Chopstick Rests) Gift Sets,箸置きセット,Various,"Dept stores, specialty ceramic shops",hide_jp_and_brand_until_enriched,recommendation,
gift,JF-0167,creator_fill,,Mizuhiki Decorative Cord Crafts,水引,Various Iida/Nagano makers,"Iida, dept stores, specialty shops",hide_jp_and_brand_until_enriched,recommendation,
gift,JF-0168,creator_fill,,Premium Senbei Tins (Souka Senbei),草加せんべい,Various Saitama makers,"Souka, dept stores",hide_jp_and_brand_until_enriched,recommendation,
gift,JF-0169,creator_fill,,"Premium Soy Sauce (Yuasa, Kishibori, Kamebishi)",湯浅醤油 / 岸本 / かめびし,Various,"Dept store food halls, specialty shops",hide_jp_and_brand_until_enriched,recommendation,
gift,JF-0170,creator_fill,,Sake Mini Bottle Gift Set,日本酒ミニ,Various breweries,"Liquor stores, dept stores, airports",hide_jp_and_brand_until_enriched,recommendation,
gift,JF-0171,creator_fill,,Suzukake / Tsuruya Yoshinobu Wagashi,鈴懸 / 鶴屋吉信,Suzukake / Tsuruya Yoshinobu,Dept store food halls,hide_jp_and_brand_until_enriched,recommendation,
gift,JF-0172,creator_fill,,"Tea Set Gift (Yamamotoyama, Mitsuboshien)",山本山,Various,Dept store food halls,hide_jp_and_brand_until_enriched,recommendation,
gift,JF-0173,creator_fill,,Toraya Yokan,とらや 羊羹,Toraya,"Toraya stores, dept stores",hide_jp_and_brand_until_enriched,recommendation,
